Judgement Name,IndianKanoon Link,Similar Judgement,IndianKanoon Link.1
Wander Ltd. And Another v. Antox India P. Ltd. .,https://indiankanoon.org/doc/330608/,Astrazeneca Uk Ltd. v. Orchid Chemicals & Pharmaceuticals Ltd.,https://indiankanoon.org/doc/1509899/
Wander Ltd. And Another v. Antox India P. Ltd. .,https://indiankanoon.org/doc/330608/,S.M Dyechem Ltd. v. Cadbury (India) Ltd. .,https://indiankanoon.org/doc/1025815/
Wander Ltd. And Another v. Antox India P. Ltd. .,https://indiankanoon.org/doc/330608/,Veerumal Praveen Kumar v. Needle Industries (India) Ltd. And Anr.,https://indiankanoon.org/doc/1945028/
Wander Ltd. And Another v. Antox India P. Ltd. .,https://indiankanoon.org/doc/330608/,N.R Dongre And Others v. Whirlpool Corporation And Another,
Wander Ltd. And Another v. Antox India P. Ltd. .,https://indiankanoon.org/doc/330608/,Pfizer Products Inc. v. Rajesh Chopra,https://indiankanoon.org/doc/1674695/
Wander Ltd. And Another v. Antox India P. Ltd. .,https://indiankanoon.org/doc/330608/,Mahendra & Mahendra Paper Mills Ltd. v. Mahindra & Mahindra Ltd. .,https://indiankanoon.org/doc/67204010/
Wander Ltd. And Another v. Antox India P. Ltd. .,https://indiankanoon.org/doc/330608/,Lupin Limited v. Johnson & Johnson,
Wander Ltd. And Another v. Antox India P. Ltd. .,https://indiankanoon.org/doc/330608/,Rangoon Chemical Works Pvt. Ltd. v. Royal Medicals,
Wander Ltd. And Another v. Antox India P. Ltd. .,https://indiankanoon.org/doc/330608/,M/S Alkem Laboratories Ltd. Petitioners v. Mega International (P) Ltd. S,
Wander Ltd. And Another v. Antox India P. Ltd. .,https://indiankanoon.org/doc/330608/,Wockhardt Limited v. Torrent Pharmaceuticals Limited And Another,
Wander Ltd. And Another v. Antox India P. Ltd. .,https://indiankanoon.org/doc/330608/,Cadila Health Care Ltd. v. Cadila Pharmaceuticals Ltd. .,https://indiankanoon.org/doc/1114158/
Wander Ltd. And Another v. Antox India P. Ltd. .,https://indiankanoon.org/doc/330608/,Satilila Charitable Society And Anr. v. Skyline Education Institute (I) (P) Ltd.,
Wander Ltd. And Another v. Antox India P. Ltd. .,https://indiankanoon.org/doc/330608/,Rajendra Sadanand Rasal v. Naranppa Thenukyya Kotian And Others S,
Wander Ltd. And Another v. Antox India P. Ltd. .,https://indiankanoon.org/doc/330608/,Purshottam Vishandas Raheja And Another v. Shrichand Vishandas Raheja (Dead) Through Lrs. And Others,https://indiankanoon.org/doc/81162651/
Wander Ltd. And Another v. Antox India P. Ltd. .,https://indiankanoon.org/doc/330608/,Fedders North American v. Show Line,https://indiankanoon.org/doc/1269197/
S.M Dyechem Ltd. v. Cadbury (India) Ltd. .,https://indiankanoon.org/doc/1025815/,Cadila Health Care Ltd. v. Cadila Pharmaceuticals Ltd. .,https://indiankanoon.org/doc/1114158/
S.M Dyechem Ltd. v. Cadbury (India) Ltd. .,https://indiankanoon.org/doc/1025815/,Cadila Healthcare Limited v. Cadila Pharmaceuticals Limited,https://indiankanoon.org/doc/1114158/
S.M Dyechem Ltd. v. Cadbury (India) Ltd. .,https://indiankanoon.org/doc/1025815/,Ramesh Khatanmal Lulla v. Mohammad Yusuf Abdul Gaffar,https://indiankanoon.org/doc/70200400/
S.M Dyechem Ltd. v. Cadbury (India) Ltd. .,https://indiankanoon.org/doc/1025815/,Lupin Ltd. v. Johnson And Johnson,
S.M Dyechem Ltd. v. Cadbury (India) Ltd. .,https://indiankanoon.org/doc/1025815/,Cadbury India Ltd. v. Neeraj Food Products,https://indiankanoon.org/doc/652828/
S.M Dyechem Ltd. v. Cadbury (India) Ltd. .,https://indiankanoon.org/doc/1025815/,Cadbury India Limited v. S.M Dyechem Limited .,https://indiankanoon.org/doc/1025815/
S.M Dyechem Ltd. v. Cadbury (India) Ltd. .,https://indiankanoon.org/doc/1025815/,"Pernod Ricard S.A France, Another v. Rhizome Distilleries Pvt. Ltd. Others",
S.M Dyechem Ltd. v. Cadbury (India) Ltd. .,https://indiankanoon.org/doc/1025815/,Mahendra & Mahendra Paper Mills Ltd. v. Mahindra & Mahindra Ltd. .,https://indiankanoon.org/doc/67204010/
S.M Dyechem Ltd. v. Cadbury (India) Ltd. .,https://indiankanoon.org/doc/1025815/,Peshawar Soap & Chemicals Ltd. v. Godrej Soap Ltd.,https://indiankanoon.org/doc/645115/
S.M Dyechem Ltd. v. Cadbury (India) Ltd. .,https://indiankanoon.org/doc/1025815/,Ramdev Food Products (P) Ltd. v. Arvindbhai Rambhai Patel And Others,https://indiankanoon.org/doc/858066/
S.M Dyechem Ltd. v. Cadbury (India) Ltd. .,https://indiankanoon.org/doc/1025815/,United Biotech Pvt. Ltd. v. Orchid Chemicals & Pharmaceuticals Ltd. & Ors.,https://indiankanoon.org/doc/94612663/
S.M Dyechem Ltd. v. Cadbury (India) Ltd. .,https://indiankanoon.org/doc/1025815/,Rupa & Co. Ltd. And Another v. Dawn Mills Co. Ltd. And Another,https://indiankanoon.org/doc/508915/
S.M Dyechem Ltd. v. Cadbury (India) Ltd. .,https://indiankanoon.org/doc/1025815/,Torrent Pharmaceuticals Ltd. v. The Wellcome Foundation Ltd. .,https://indiankanoon.org/doc/1965135/
S.M Dyechem Ltd. v. Cadbury (India) Ltd. .,https://indiankanoon.org/doc/1025815/,Euro-Solo Energy Systems Limited v. Eveready Industries India Limited,https://indiankanoon.org/doc/192230665/
S.M Dyechem Ltd. v. Cadbury (India) Ltd. .,https://indiankanoon.org/doc/1025815/,Nirma Chemical Works Pvt Ltd & 1 (S) v. Nirman High School & 2 (S),
"Vishwa Mitter Of Vijay Bharat Cigarette Stores, Dalhousie Road, Pathankot v. O.P Poddar And Others",https://indiankanoon.org/doc/106681665/,A. R. Antulay v. Ramdas Sriniwas Nayak And Another,https://indiankanoon.org/doc/1502681/
"Vishwa Mitter Of Vijay Bharat Cigarette Stores, Dalhousie Road, Pathankot v. O.P Poddar And Others",https://indiankanoon.org/doc/106681665/,Pratap Lal Teli v. State Of Maharashtra,
"Vishwa Mitter Of Vijay Bharat Cigarette Stores, Dalhousie Road, Pathankot v. O.P Poddar And Others",https://indiankanoon.org/doc/106681665/,Iqbal Singh Marwah And Another v. Meenakshi Marwah And Another,https://indiankanoon.org/doc/618763/
"Vishwa Mitter Of Vijay Bharat Cigarette Stores, Dalhousie Road, Pathankot v. O.P Poddar And Others",https://indiankanoon.org/doc/106681665/,Manharibhai Muljibhai Kakadia And Another v. Shaileshbhai Mohanbhai Patel And Others,https://indiankanoon.org/doc/3304039/
"Vishwa Mitter Of Vijay Bharat Cigarette Stores, Dalhousie Road, Pathankot v. O.P Poddar And Others",https://indiankanoon.org/doc/106681665/,"Whirlpool Corporation v. Registrar Of Trade Marks, Mumbai And Others",https://indiankanoon.org/doc/172383107/
"Vishwa Mitter Of Vijay Bharat Cigarette Stores, Dalhousie Road, Pathankot v. O.P Poddar And Others",https://indiankanoon.org/doc/106681665/,"S.K Sinha, Chief Enforcement Officer v. Videocon International Ltd. And Others",https://indiankanoon.org/doc/304538/
"Vishwa Mitter Of Vijay Bharat Cigarette Stores, Dalhousie Road, Pathankot v. O.P Poddar And Others",https://indiankanoon.org/doc/106681665/,Ramana Dayaram Shetty v. International Airport Authority Of India And Others,https://indiankanoon.org/doc/1281050/
"Vishwa Mitter Of Vijay Bharat Cigarette Stores, Dalhousie Road, Pathankot v. O.P Poddar And Others",https://indiankanoon.org/doc/106681665/,Shri M.L Sethi v. Shri R.P Kapur And Another,https://indiankanoon.org/doc/340501/
"Vishwa Mitter Of Vijay Bharat Cigarette Stores, Dalhousie Road, Pathankot v. O.P Poddar And Others",https://indiankanoon.org/doc/106681665/,Pepsi Foods Ltd. And Another v. Special Judicial Magistrate And Others,https://indiankanoon.org/doc/574884/
"Vishwa Mitter Of Vijay Bharat Cigarette Stores, Dalhousie Road, Pathankot v. O.P Poddar And Others",https://indiankanoon.org/doc/106681665/,Indra Kumar Patodia And Another v. Reliance Industries Limited And Others,https://indiankanoon.org/doc/98291024/
"Vishwa Mitter Of Vijay Bharat Cigarette Stores, Dalhousie Road, Pathankot v. O.P Poddar And Others",https://indiankanoon.org/doc/106681665/,S.M Dyechem Ltd. v. Cadbury (India) Ltd. .,https://indiankanoon.org/doc/1025815/
"Vishwa Mitter Of Vijay Bharat Cigarette Stores, Dalhousie Road, Pathankot v. O.P Poddar And Others",https://indiankanoon.org/doc/106681665/,Kamlapati Trivedi v. State Of West Bengal .,https://indiankanoon.org/doc/117903/
"Vishwa Mitter Of Vijay Bharat Cigarette Stores, Dalhousie Road, Pathankot v. O.P Poddar And Others",https://indiankanoon.org/doc/106681665/,M/S. Ruby Leather Exports v. K. Venu Rep. Vandana Chemicals Etc.,
"Vishwa Mitter Of Vijay Bharat Cigarette Stores, Dalhousie Road, Pathankot v. O.P Poddar And Others",https://indiankanoon.org/doc/106681665/,P.C Gulati (In All The Appeals) v. Lajya Ram And Others (In All The Appeals),
"Vishwa Mitter Of Vijay Bharat Cigarette Stores, Dalhousie Road, Pathankot v. O.P Poddar And Others",https://indiankanoon.org/doc/106681665/,Madhu Limaye v. State Of Maharashtra .,https://indiankanoon.org/doc/646292/
Marc Enterprises (P) Ltd. v. Five Star Electricals (India),https://indiankanoon.org/doc/700020/,Orient Papers Industries Ltd. v. Jayanta Lamp Industries Pvt. Ltd.,
Marc Enterprises (P) Ltd. v. Five Star Electricals (India),https://indiankanoon.org/doc/700020/,Ashish Tea Company Another. v. Miraj Products Pvt. Ltd. Another.,
Marc Enterprises (P) Ltd. v. Five Star Electricals (India),https://indiankanoon.org/doc/700020/,Vrajlal Manilal & Co. v. Bansal Tobacco Co.,https://indiankanoon.org/doc/1864885/
Marc Enterprises (P) Ltd. v. Five Star Electricals (India),https://indiankanoon.org/doc/700020/,"Omega S.A, Bienne, Switzerland v. Avanti Kopp Electricals Ltd. And Anr.",
Marc Enterprises (P) Ltd. v. Five Star Electricals (India),https://indiankanoon.org/doc/700020/,Lt Foods Limited v. Sulson Overseas Pvt. Ltd.,https://indiankanoon.org/doc/78472331/
Marc Enterprises (P) Ltd. v. Five Star Electricals (India),https://indiankanoon.org/doc/700020/,P.M. Diesels Private Limited v. Thukral Mechanical Works,https://indiankanoon.org/doc/1202388/
Marc Enterprises (P) Ltd. v. Five Star Electricals (India),https://indiankanoon.org/doc/700020/,A.D. Padmasingh v. Aachi Aappakadai Chettinad,https://indiankanoon.org/doc/52700318/
Marc Enterprises (P) Ltd. v. Five Star Electricals (India),https://indiankanoon.org/doc/700020/,Ashwini Chemical Works v. Aswini Homeo Pharmacy,
Marc Enterprises (P) Ltd. v. Five Star Electricals (India),https://indiankanoon.org/doc/700020/,Crompton Greaves Limited v. Salzer Electronics Limited,
Marc Enterprises (P) Ltd. v. Five Star Electricals (India),https://indiankanoon.org/doc/700020/,Three-N-Products Pvt. Ltd. v. Yashwant,https://indiankanoon.org/doc/1238420/
Marc Enterprises (P) Ltd. v. Five Star Electricals (India),https://indiankanoon.org/doc/700020/,Mex Switchgears Pvt. Ltd. v. Max Switchgears Pvt. Ltd.,https://indiankanoon.org/doc/60866758/
Marc Enterprises (P) Ltd. v. Five Star Electricals (India),https://indiankanoon.org/doc/700020/,Assam Roofing Ltd. & Anr. v. Jsb Cement Llp & Anr.,
Marc Enterprises (P) Ltd. v. Five Star Electricals (India),https://indiankanoon.org/doc/700020/,Borosil Glass Works v. O.P Batra & Anr.,https://indiankanoon.org/doc/614155/
Marc Enterprises (P) Ltd. v. Five Star Electricals (India),https://indiankanoon.org/doc/700020/,Yash Arora v. Tushar Enterprises & Ors,
Marc Enterprises (P) Ltd. v. Five Star Electricals (India),https://indiankanoon.org/doc/700020/,G.M. Modular Pvt. Ltd. v. Tm Marketing (India) Others,
Triumphant Institute Of Management Education Pvt. Ltd. v. Mahesh Yadav,,Triumphant Institute Of Management Education v. Time Coaching/Education,
Triumphant Institute Of Management Education Pvt. Ltd. v. Mahesh Yadav,,Infosys Technologies Ltd. v. Park Infosys,https://indiankanoon.org/doc/73989/
Triumphant Institute Of Management Education Pvt. Ltd. v. Mahesh Yadav,,Keshav Kumar Aggarwal v. Niit Ltd.,https://indiankanoon.org/doc/6896400/
Triumphant Institute Of Management Education Pvt. Ltd. v. Mahesh Yadav,,Hawkins Cookers Ltd. v. Murugan Enterprises,https://indiankanoon.org/doc/136111/
Triumphant Institute Of Management Education Pvt. Ltd. v. Mahesh Yadav,,Loreal M/S. v. Mr. Dushyant Shah,
Triumphant Institute Of Management Education Pvt. Ltd. v. Mahesh Yadav,,General Electric Company v. J. Singh,
Triumphant Institute Of Management Education Pvt. Ltd. v. Mahesh Yadav,,Brahmos Aerospace Pvt. Ltd. v. Fiit Jee Limited,https://indiankanoon.org/doc/181424088/
Triumphant Institute Of Management Education Pvt. Ltd. v. Mahesh Yadav,,Procter & Gamble Company v. Joy Creators,
Triumphant Institute Of Management Education Pvt. Ltd. v. Mahesh Yadav,,L'Oreal v. Dushyant Shah,https://indiankanoon.org/doc/179972913/
Triumphant Institute Of Management Education Pvt. Ltd. v. Mahesh Yadav,,Malhotra Book Depot v. Mata Basanti Devi School Of Biosciences & Biotechnology,
Triumphant Institute Of Management Education Pvt. Ltd. v. Mahesh Yadav,,A.S.Hameed v. P.Maheswaran,
Triumphant Institute Of Management Education Pvt. Ltd. v. Mahesh Yadav,,Sap Aktiengesellschaft v. Rohit Sharma,
Triumphant Institute Of Management Education Pvt. Ltd. v. Mahesh Yadav,,Ranbaxy Laboratories Limited v. Intas Pharmaceuticals Ltd.,https://indiankanoon.org/doc/1300598/
Triumphant Institute Of Management Education Pvt. Ltd. v. Mahesh Yadav,,Living Media India Ltd. v. Adarsh Gupta,
Triumphant Institute Of Management Education Pvt. Ltd. v. Mahesh Yadav,,M/S INTER IKEA SYSTEMS BV ANR v. IMTIAZ AHAMED & ANR,https://indiankanoon.org/doc/170719338/
Commissioner Of Sales Tax v. M/S Duke And Sons Pvt. Ltd.,https://indiankanoon.org/doc/14349/,"S.P.S Jayam And Co. v. Registrar, Tamil Nadu Taxation Special Tribunal And Others",https://indiankanoon.org/doc/691314/
Commissioner Of Sales Tax v. M/S Duke And Sons Pvt. Ltd.,https://indiankanoon.org/doc/14349/,Tata Sons Limited And Another Petitioners v. The State Of Maharashtra And Another S,
Commissioner Of Sales Tax v. M/S Duke And Sons Pvt. Ltd.,https://indiankanoon.org/doc/14349/,Kreem Foods Private Limited v. State Of Kerala,
Commissioner Of Sales Tax v. M/S Duke And Sons Pvt. Ltd.,https://indiankanoon.org/doc/14349/,"Mc Donalds India Pvt. Ltd. v. Commissioner Of Trade And Taxes, New Delhi",
Commissioner Of Sales Tax v. M/S Duke And Sons Pvt. Ltd.,https://indiankanoon.org/doc/14349/,SAGAR RATNA RESTAURANTS PVT. LTD. v. VTO (WARD 205) AND ORS.,
Commissioner Of Sales Tax v. M/S Duke And Sons Pvt. Ltd.,https://indiankanoon.org/doc/14349/,BIKANERWALA FOODS PVT. LTD. v. UOI AND ORS.,
Commissioner Of Sales Tax v. M/S Duke And Sons Pvt. Ltd.,https://indiankanoon.org/doc/14349/,GLAXO SMITH KLINE ASIA P. LTD. v. ASSESS. AUTH. SPECIAL ZONE TRADE,
Commissioner Of Sales Tax v. M/S Duke And Sons Pvt. Ltd.,https://indiankanoon.org/doc/14349/,Nutrine Confectionery Co. Pvt. Ltd. v. State Of Andhra Pradesh,
Commissioner Of Sales Tax v. M/S Duke And Sons Pvt. Ltd.,https://indiankanoon.org/doc/14349/,Agromore (P) Ltd. v. Chembond Chemicals Ltd.,https://indiankanoon.org/doc/1062207/
Commissioner Of Sales Tax v. M/S Duke And Sons Pvt. Ltd.,https://indiankanoon.org/doc/14349/,20Th Century Finance Corpn. Ltd. And Another v. State Of Maharashtra .,
Commissioner Of Sales Tax v. M/S Duke And Sons Pvt. Ltd.,https://indiankanoon.org/doc/14349/,Lal Products v. Intelligence Officer,
Commissioner Of Sales Tax v. M/S Duke And Sons Pvt. Ltd.,https://indiankanoon.org/doc/14349/,S.M Dyechem Ltd. v. Cadbury (India) Ltd. .,https://indiankanoon.org/doc/1025815/
Commissioner Of Sales Tax v. M/S Duke And Sons Pvt. Ltd.,https://indiankanoon.org/doc/14349/,Sunrise Associates v. Govt. Of Nct Of Delhi And Others,https://indiankanoon.org/doc/1118022/
Commissioner Of Sales Tax v. M/S Duke And Sons Pvt. Ltd.,https://indiankanoon.org/doc/14349/,Bharat Sanchar Nigam Ltd. And Another v. Union Of India And Others,https://indiankanoon.org/doc/6544121/
Commissioner Of Sales Tax v. M/S Duke And Sons Pvt. Ltd.,https://indiankanoon.org/doc/14349/,Bprl Fine Chemicals Pvt. Ltd. v. State Of Karnataka And Another (And Other Cases),
Haldiram Bhujiawala And Another v. Anand Kumar Deepak Kumar And Another,https://indiankanoon.org/doc/614536/,Purushottam And Another v. Shivraj Fine Arts Litho Works And Others,https://indiankanoon.org/doc/1239673/
Haldiram Bhujiawala And Another v. Anand Kumar Deepak Kumar And Another,https://indiankanoon.org/doc/614536/,M/S. Navjivan Kagdi Co. Another v. Dhiren S. Doshi Others,
Haldiram Bhujiawala And Another v. Anand Kumar Deepak Kumar And Another,https://indiankanoon.org/doc/614536/,Blueberry Books v. Bharti Goyal,
Haldiram Bhujiawala And Another v. Anand Kumar Deepak Kumar And Another,https://indiankanoon.org/doc/614536/,"Balaji Constructions Co., Mumbai & Ors. v. Mrs. Lira Siraj Shaikh & Ors.",https://indiankanoon.org/doc/13352/
Haldiram Bhujiawala And Another v. Anand Kumar Deepak Kumar And Another,https://indiankanoon.org/doc/614536/,Bade Miya v. Mubin Ahmed Zahurislam,
Haldiram Bhujiawala And Another v. Anand Kumar Deepak Kumar And Another,https://indiankanoon.org/doc/614536/,Anand Kumar Deepak Kumar Another v. Haldiram Bhujia Wala Another,https://indiankanoon.org/doc/1789265/
Haldiram Bhujiawala And Another v. Anand Kumar Deepak Kumar And Another,https://indiankanoon.org/doc/614536/,Anand Kumar Deepak Kumar v. Haldiram Bhutia Wala,
Haldiram Bhujiawala And Another v. Anand Kumar Deepak Kumar And Another,https://indiankanoon.org/doc/614536/,North Delhi Power Limited v. Jagdamba Gasket (India),
Haldiram Bhujiawala And Another v. Anand Kumar Deepak Kumar And Another,https://indiankanoon.org/doc/614536/,"Mahendra Uttamrao Kadam And Others v. M/S Kacchi Properties, Satara .",
Haldiram Bhujiawala And Another v. Anand Kumar Deepak Kumar And Another,https://indiankanoon.org/doc/614536/,Ms.S.B.Steel Industries v. Ms.India Re Rolling Mills,
Haldiram Bhujiawala And Another v. Anand Kumar Deepak Kumar And Another,https://indiankanoon.org/doc/614536/,Shree Balaji Steels v. Gontermann-Peipers (India) Ltd.,
Haldiram Bhujiawala And Another v. Anand Kumar Deepak Kumar And Another,https://indiankanoon.org/doc/614536/,Gopalji Gupta v. Additional District Judge,
Haldiram Bhujiawala And Another v. Anand Kumar Deepak Kumar And Another,https://indiankanoon.org/doc/614536/,Kamal Pushp Enterprises v. D.R Construction Co. .,https://indiankanoon.org/doc/421030/
Haldiram Bhujiawala And Another v. Anand Kumar Deepak Kumar And Another,https://indiankanoon.org/doc/614536/,Subhas Chand v. Mahesh Chandra Agrawal & Others,
Haldiram Bhujiawala And Another v. Anand Kumar Deepak Kumar And Another,https://indiankanoon.org/doc/614536/,Sharad Vasant Kotak And Others v. Ramniklal Mohanlal Chawda And Another,https://indiankanoon.org/doc/1771880/
Kirorimal Kashiram Marketing And Agencies Pvt. Ltd. v. Shree Sita Chawal Udyog,https://indiankanoon.org/doc/147470112/,Thiruvalluvar Modern Rice Mill v. R.B. Chidambarasamy,
Kirorimal Kashiram Marketing And Agencies Pvt. Ltd. v. Shree Sita Chawal Udyog,https://indiankanoon.org/doc/147470112/,Colgate Palmolive Company v. Anchor Health And Beauty Care Pvt. Ltd.,https://indiankanoon.org/doc/1306228/
Kirorimal Kashiram Marketing And Agencies Pvt. Ltd. v. Shree Sita Chawal Udyog,https://indiankanoon.org/doc/147470112/,M/S Kirorimal Kashiram Marketing & Agencies Pvt. Ltd. v. M/S. Shree Sita Chawal Udyog Mill,https://indiankanoon.org/doc/152715128/
Kirorimal Kashiram Marketing And Agencies Pvt. Ltd. v. Shree Sita Chawal Udyog,https://indiankanoon.org/doc/147470112/,S.M Dyechem Ltd. v. Cadbury (India) Ltd. .,https://indiankanoon.org/doc/1025815/
Kirorimal Kashiram Marketing And Agencies Pvt. Ltd. v. Shree Sita Chawal Udyog,https://indiankanoon.org/doc/147470112/,General Mills Marketing Inc v. South India Beverages (P) Ltd.,https://indiankanoon.org/doc/42490190/
Kirorimal Kashiram Marketing And Agencies Pvt. Ltd. v. Shree Sita Chawal Udyog,https://indiankanoon.org/doc/147470112/,N. Ranga Rao v. Anil Garg,https://indiankanoon.org/doc/767356/
Kirorimal Kashiram Marketing And Agencies Pvt. Ltd. v. Shree Sita Chawal Udyog,https://indiankanoon.org/doc/147470112/,M/S. South India Beverages Pvt. Ltd. v. General Mills Marketing Inc. & Anr. S,
Kirorimal Kashiram Marketing And Agencies Pvt. Ltd. v. Shree Sita Chawal Udyog,https://indiankanoon.org/doc/147470112/,Filex Systems Pvt. Ltd. v. Rotomac Pens (Guj.) Pvt. Ltd.,https://indiankanoon.org/doc/1900841/
Kirorimal Kashiram Marketing And Agencies Pvt. Ltd. v. Shree Sita Chawal Udyog,https://indiankanoon.org/doc/147470112/,Marico Limited v. Mukesh Kumar,https://indiankanoon.org/doc/19504407/
Kirorimal Kashiram Marketing And Agencies Pvt. Ltd. v. Shree Sita Chawal Udyog,https://indiankanoon.org/doc/147470112/,Fmi Limited v. Ashok Jain,
Kirorimal Kashiram Marketing And Agencies Pvt. Ltd. v. Shree Sita Chawal Udyog,https://indiankanoon.org/doc/147470112/,Lt Foods Limited v. Sulson Overseas Pvt. Ltd.,https://indiankanoon.org/doc/78472331/
Kirorimal Kashiram Marketing And Agencies Pvt. Ltd. v. Shree Sita Chawal Udyog,https://indiankanoon.org/doc/147470112/,Petitioner v. Respondent,https://indiankanoon.org/doc/1640143/
Kirorimal Kashiram Marketing And Agencies Pvt. Ltd. v. Shree Sita Chawal Udyog,https://indiankanoon.org/doc/147470112/,New Look Textiles v. K.N. Nagarajan,
Kirorimal Kashiram Marketing And Agencies Pvt. Ltd. v. Shree Sita Chawal Udyog,https://indiankanoon.org/doc/147470112/,Cadbury India Ltd. v. Neeraj Food Products,https://indiankanoon.org/doc/652828/
Kirorimal Kashiram Marketing And Agencies Pvt. Ltd. v. Shree Sita Chawal Udyog,https://indiankanoon.org/doc/147470112/,PHONEPE PRIVATE LIMITED v. EZY SERVICES ANR.,
Merisant Company 2 Sarl v. Equal Minerals,,Veerumal Praveen Kumar v. Needle Industries (India) Ltd. And Anr.,https://indiankanoon.org/doc/1945028/
Merisant Company 2 Sarl v. Equal Minerals,,Premier Tissues India Ltd. v. Rolia Tissues Industries,https://indiankanoon.org/doc/8433581/
Merisant Company 2 Sarl v. Equal Minerals,,Superflo Pvt. Ltd. v. Sandhyamani Associates(P) Ltd.,
Merisant Company 2 Sarl v. Equal Minerals,,Jain Riceland Pvt. Ltd. v. Sagar Overseas,
Merisant Company 2 Sarl v. Equal Minerals,,East African (I) Remedies Pvt. Ltd. v. Wallace Pharmaceuticals Ltd.,
Merisant Company 2 Sarl v. Equal Minerals,,Superon Schweisstechnik India Limited v. Modi Hitech India Ltd.,
Merisant Company 2 Sarl v. Equal Minerals,,Rajnish Aggarwal v. Anantam,https://indiankanoon.org/doc/1657978/
Merisant Company 2 Sarl v. Equal Minerals,,Filex Systems Pvt. Ltd. v. Rotomac Pens (Guj.) Pvt. Ltd.,https://indiankanoon.org/doc/1900841/
Merisant Company 2 Sarl v. Equal Minerals,,Toyota Jidosha Kabushiki Kaisha v. Deepak Mangal,https://indiankanoon.org/doc/788484/
Merisant Company 2 Sarl v. Equal Minerals,,Clinique Laboratories Llc v. Gufic Limited,https://indiankanoon.org/doc/18135822/
Merisant Company 2 Sarl v. Equal Minerals,,Radico Khaitan Limited v. Carlsberg India Private Limited,https://indiankanoon.org/doc/49386818/
Merisant Company 2 Sarl v. Equal Minerals,,Ashwini Chemical Works v. Aswini Homeo Pharmacy,
Merisant Company 2 Sarl v. Equal Minerals,,"Yahoo, Inc. v. Akash Arora",https://indiankanoon.org/doc/1741869/
Merisant Company 2 Sarl v. Equal Minerals,,Sanat Products Ltd. v. Glade Drugs & Nutraceuticals Pvt. Ltd.,https://indiankanoon.org/doc/321682/
Merisant Company 2 Sarl v. Equal Minerals,,Lupin Limited v. Johnson & Johnson,
Izuk Chemical Works v. Babu Ram Dharam Prakash,https://indiankanoon.org/doc/1165153/,Cadbury India Ltd. v. Neeraj Food Products,https://indiankanoon.org/doc/652828/
Izuk Chemical Works v. Babu Ram Dharam Prakash,https://indiankanoon.org/doc/1165153/,Mex Switchgears Pvt. Ltd. v. Omex Cables Industries,
Izuk Chemical Works v. Babu Ram Dharam Prakash,https://indiankanoon.org/doc/1165153/,Pfizer Products Inc. v. Rajesh Chopra,https://indiankanoon.org/doc/1674695/
Izuk Chemical Works v. Babu Ram Dharam Prakash,https://indiankanoon.org/doc/1165153/,Fmi Limited v. Ashok Jain,
Izuk Chemical Works v. Babu Ram Dharam Prakash,https://indiankanoon.org/doc/1165153/,Procter & Gamble Company v. Joy Creators,
Izuk Chemical Works v. Babu Ram Dharam Prakash,https://indiankanoon.org/doc/1165153/,Lt Foods Limited v. Sulson Overseas Pvt. Ltd.,https://indiankanoon.org/doc/78472331/
Izuk Chemical Works v. Babu Ram Dharam Prakash,https://indiankanoon.org/doc/1165153/,Allied Blenders And Distillers Pvt. Ltd. v. Sentino Bio Products Pvt. Ltd.,
Izuk Chemical Works v. Babu Ram Dharam Prakash,https://indiankanoon.org/doc/1165153/,S. Oliver Bernd Freier Gmbh v. Rasul Exports,
Izuk Chemical Works v. Babu Ram Dharam Prakash,https://indiankanoon.org/doc/1165153/,Five Star Health Care P. Ltd. v. Tara Chand Jadwani,
Izuk Chemical Works v. Babu Ram Dharam Prakash,https://indiankanoon.org/doc/1165153/,"Hindustan Lever Limited, Bombay v. Nirma Private Limited, Ahmedabad",
Izuk Chemical Works v. Babu Ram Dharam Prakash,https://indiankanoon.org/doc/1165153/,Cadila Health Care Ltd. v. Cadila Pharmaceuticals Ltd. .,https://indiankanoon.org/doc/1114158/
Izuk Chemical Works v. Babu Ram Dharam Prakash,https://indiankanoon.org/doc/1165153/,Wippermann Jr Gmbh. v. Wipperdrive Engineering,
Izuk Chemical Works v. Babu Ram Dharam Prakash,https://indiankanoon.org/doc/1165153/,S.M Dyechem Ltd. v. Cadbury (India) Ltd. .,https://indiankanoon.org/doc/1025815/
Izuk Chemical Works v. Babu Ram Dharam Prakash,https://indiankanoon.org/doc/1165153/,Aravind Laboratories v. V. Annamalai Chettiar,https://indiankanoon.org/doc/1784548/
Izuk Chemical Works v. Babu Ram Dharam Prakash,https://indiankanoon.org/doc/1165153/,Subhash Chand Bansal v. Khadim'S,
Remidex Pharma Private Limited v. Savita Pharmaceuticals P. Ltd,https://indiankanoon.org/doc/744316/,Wyeth Holdings Corporation & Anr. v. Burnet Pharmaceuticals (Pvt.) Ltd.,https://indiankanoon.org/doc/357841/
Remidex Pharma Private Limited v. Savita Pharmaceuticals P. Ltd,https://indiankanoon.org/doc/744316/,Fdc Limited v. Mr. Ajay G. Piramal & Ors,https://indiankanoon.org/doc/1004544/
Remidex Pharma Private Limited v. Savita Pharmaceuticals P. Ltd,https://indiankanoon.org/doc/744316/,Rajesh Jain v. Amit Jain,
Remidex Pharma Private Limited v. Savita Pharmaceuticals P. Ltd,https://indiankanoon.org/doc/744316/,Sms Formulations Pvt. Ltd. v. Sahib Singh Agencies (Bom.) Ltd.,
Remidex Pharma Private Limited v. Savita Pharmaceuticals P. Ltd,https://indiankanoon.org/doc/744316/,Cadila Health Care Ltd. v. Cadila Pharmaceuticals Ltd. .,https://indiankanoon.org/doc/1114158/
Remidex Pharma Private Limited v. Savita Pharmaceuticals P. Ltd,https://indiankanoon.org/doc/744316/,Schering Corporation & Ors. v. Alkem Laboratories Ltd. .,
Remidex Pharma Private Limited v. Savita Pharmaceuticals P. Ltd,https://indiankanoon.org/doc/744316/,S.M Dyechem Ltd. v. Cadbury (India) Ltd. .,https://indiankanoon.org/doc/1025815/
Remidex Pharma Private Limited v. Savita Pharmaceuticals P. Ltd,https://indiankanoon.org/doc/744316/,Central Park Estates Pvt. Ltd. v. Chd Developers Ltd.,
Remidex Pharma Private Limited v. Savita Pharmaceuticals P. Ltd,https://indiankanoon.org/doc/744316/,Sun Pharma Laboratories Ltd. v. Intas Pharmaceuticals Limited,https://indiankanoon.org/doc/157791679/
Remidex Pharma Private Limited v. Savita Pharmaceuticals P. Ltd,https://indiankanoon.org/doc/744316/,Astrazeneca Uk Ltd. v. Orchid Chemicals & Pharmaceuticals Ltd.,https://indiankanoon.org/doc/1509899/
Remidex Pharma Private Limited v. Savita Pharmaceuticals P. Ltd,https://indiankanoon.org/doc/744316/,Stiefel Laboratories v. Ajanta Pharma Ltd.,https://indiankanoon.org/doc/102042281/
Remidex Pharma Private Limited v. Savita Pharmaceuticals P. Ltd,https://indiankanoon.org/doc/744316/,G.M. Modular Pvt. Ltd. v. Tm Marketing (India) Others,
Remidex Pharma Private Limited v. Savita Pharmaceuticals P. Ltd,https://indiankanoon.org/doc/744316/,S.B.L Limited v. The Himalaya Drug Co.,https://indiankanoon.org/doc/615459/
Remidex Pharma Private Limited v. Savita Pharmaceuticals P. Ltd,https://indiankanoon.org/doc/744316/,Glaxo Group Ltd. And Another v. Neon Laboratories Ltd.,https://indiankanoon.org/doc/663392/
Remidex Pharma Private Limited v. Savita Pharmaceuticals P. Ltd,https://indiankanoon.org/doc/744316/,Radico Khaitan Limited v. Brima Sagar Maharashtra Distilleries Ltd.,https://indiankanoon.org/doc/27816811/
Remidex Pharma Private Limited v. Savita Pharmaceuticals P. Ltd,https://indiankanoon.org/doc/744316/,Wyeth Holdings Corporation & Anr. v. Burnet Pharmaceuticals (Pvt.) Ltd.,https://indiankanoon.org/doc/357841/
Remidex Pharma Private Limited v. Savita Pharmaceuticals P. Ltd,https://indiankanoon.org/doc/744316/,Fdc Limited v. Mr. Ajay G. Piramal & Ors,https://indiankanoon.org/doc/1004544/
Remidex Pharma Private Limited v. Savita Pharmaceuticals P. Ltd,https://indiankanoon.org/doc/744316/,Rajesh Jain v. Amit Jain,
Remidex Pharma Private Limited v. Savita Pharmaceuticals P. Ltd,https://indiankanoon.org/doc/744316/,Sms Formulations Pvt. Ltd. v. Sahib Singh Agencies (Bom.) Ltd.,
Remidex Pharma Private Limited v. Savita Pharmaceuticals P. Ltd,https://indiankanoon.org/doc/744316/,Cadila Health Care Ltd. v. Cadila Pharmaceuticals Ltd. .,https://indiankanoon.org/doc/1114158/
Remidex Pharma Private Limited v. Savita Pharmaceuticals P. Ltd,https://indiankanoon.org/doc/744316/,Schering Corporation & Ors. v. Alkem Laboratories Ltd. .,
Remidex Pharma Private Limited v. Savita Pharmaceuticals P. Ltd,https://indiankanoon.org/doc/744316/,S.M Dyechem Ltd. v. Cadbury (India) Ltd. .,https://indiankanoon.org/doc/1025815/
Remidex Pharma Private Limited v. Savita Pharmaceuticals P. Ltd,https://indiankanoon.org/doc/744316/,Central Park Estates Pvt. Ltd. v. Chd Developers Ltd.,
Remidex Pharma Private Limited v. Savita Pharmaceuticals P. Ltd,https://indiankanoon.org/doc/744316/,Sun Pharma Laboratories Ltd. v. Intas Pharmaceuticals Limited,https://indiankanoon.org/doc/157791679/
Remidex Pharma Private Limited v. Savita Pharmaceuticals P. Ltd,https://indiankanoon.org/doc/744316/,Astrazeneca Uk Ltd. v. Orchid Chemicals & Pharmaceuticals Ltd.,https://indiankanoon.org/doc/1509899/
Remidex Pharma Private Limited v. Savita Pharmaceuticals P. Ltd,https://indiankanoon.org/doc/744316/,Stiefel Laboratories v. Ajanta Pharma Ltd.,https://indiankanoon.org/doc/102042281/
Remidex Pharma Private Limited v. Savita Pharmaceuticals P. Ltd,https://indiankanoon.org/doc/744316/,G.M. Modular Pvt. Ltd. v. Tm Marketing (India) Others,
Remidex Pharma Private Limited v. Savita Pharmaceuticals P. Ltd,https://indiankanoon.org/doc/744316/,S.B.L Limited v. The Himalaya Drug Co.,https://indiankanoon.org/doc/615459/
Remidex Pharma Private Limited v. Savita Pharmaceuticals P. Ltd,https://indiankanoon.org/doc/744316/,Glaxo Group Ltd. And Another v. Neon Laboratories Ltd.,https://indiankanoon.org/doc/663392/
Remidex Pharma Private Limited v. Savita Pharmaceuticals P. Ltd,https://indiankanoon.org/doc/744316/,Radico Khaitan Limited v. Brima Sagar Maharashtra Distilleries Ltd.,https://indiankanoon.org/doc/27816811/
L.T. Overseas Ltd. v. Guruji Trading Co.,https://indiankanoon.org/doc/1857898/,Hero Honda Motors Ltd. v. Assuramji Scooters,https://indiankanoon.org/doc/1375229/
L.T. Overseas Ltd. v. Guruji Trading Co.,https://indiankanoon.org/doc/1857898/,Hero Honda Motors Ltd. v. Raj Scooters,https://indiankanoon.org/doc/1375229/
L.T. Overseas Ltd. v. Guruji Trading Co.,https://indiankanoon.org/doc/1857898/,Microsoft Corporation v. Rajendra Pawar Another,
L.T. Overseas Ltd. v. Guruji Trading Co.,https://indiankanoon.org/doc/1857898/,Hero Honda Motors Limited v. Rafiq Memon,https://indiankanoon.org/doc/8022081/
L.T. Overseas Ltd. v. Guruji Trading Co.,https://indiankanoon.org/doc/1857898/,Marc Enterprises Pvt. Ltd. v. Victor Industries,https://indiankanoon.org/doc/1611564/
L.T. Overseas Ltd. v. Guruji Trading Co.,https://indiankanoon.org/doc/1857898/,Asian Paints (India) Ltd. v. Balaji Paints And Chemicals,
L.T. Overseas Ltd. v. Guruji Trading Co.,https://indiankanoon.org/doc/1857898/,Nirog Pharma Pvt. Ltd. v. Umesh Gupta,https://indiankanoon.org/doc/125686531/
L.T. Overseas Ltd. v. Guruji Trading Co.,https://indiankanoon.org/doc/1857898/,M/S INTER IKEA SYSTEMS BV ANR v. IMTIAZ AHAMED & ANR,https://indiankanoon.org/doc/170719338/
L.T. Overseas Ltd. v. Guruji Trading Co.,https://indiankanoon.org/doc/1857898/,Krbl Ltd. v. Lal Mahal Ltd.,
L.T. Overseas Ltd. v. Guruji Trading Co.,https://indiankanoon.org/doc/1857898/,Thiruvalluvar Modern Rice Mill v. R.B. Chidambarasamy,
L.T. Overseas Ltd. v. Guruji Trading Co.,https://indiankanoon.org/doc/1857898/,Cargill India Pvt. Ltd. v. Quality Agro Mills Pvt. Ltd.,
L.T. Overseas Ltd. v. Guruji Trading Co.,https://indiankanoon.org/doc/1857898/,Procter & Gamble Company v. Joy Creators,
L.T. Overseas Ltd. v. Guruji Trading Co.,https://indiankanoon.org/doc/1857898/,Indian Performing Right Society Ltd. v. Debashis Patnaik,https://indiankanoon.org/doc/1983225/
L.T. Overseas Ltd. v. Guruji Trading Co.,https://indiankanoon.org/doc/1857898/,Veerumal Praveen Kumar v. Needle Industries (India) Ltd. And Anr.,https://indiankanoon.org/doc/1945028/
L.T. Overseas Ltd. v. Guruji Trading Co.,https://indiankanoon.org/doc/1857898/,Win Medicare Pvt. Ltd. v. Mclaren Biotech (P) Ltd.,
Anand Kumar Deepak Kumar Another v. Haldiram Bhujia Wala Another,https://indiankanoon.org/doc/1789265/,Anand Kumar Deepak Kumar v. Haldiram Bhutia Wala,
Anand Kumar Deepak Kumar Another v. Haldiram Bhujia Wala Another,https://indiankanoon.org/doc/1789265/,M/S. Haldiram Bhujiawala & Anr. v. M/S. Anand Kumar Deepak Kr. & Anr.,
Anand Kumar Deepak Kumar Another v. Haldiram Bhujia Wala Another,https://indiankanoon.org/doc/1789265/,Haldiram Bhujiawala And Another v. Anand Kumar Deepak Kumar And Another,https://indiankanoon.org/doc/614536/
Anand Kumar Deepak Kumar Another v. Haldiram Bhujia Wala Another,https://indiankanoon.org/doc/1789265/,Haldiram Bhujiawala & Anr. v. Anand Kumar Deepak Kumar & Ors.,https://indiankanoon.org/doc/141920684/
Anand Kumar Deepak Kumar Another v. Haldiram Bhujia Wala Another,https://indiankanoon.org/doc/1789265/,Haldiram (India) Private Limited v. Halidram Bhujiawala & Anr,https://indiankanoon.org/doc/141920684/
Anand Kumar Deepak Kumar Another v. Haldiram Bhujia Wala Another,https://indiankanoon.org/doc/1789265/,Haldiram Bhujiawala & Anr. v. Anand Kumar Deepak Kumar & Ors. S,https://indiankanoon.org/doc/141920684/
Anand Kumar Deepak Kumar Another v. Haldiram Bhujia Wala Another,https://indiankanoon.org/doc/1789265/,Grandlay Electricals India Limited Others v. Vidya Batra Others,
Anand Kumar Deepak Kumar Another v. Haldiram Bhujia Wala Another,https://indiankanoon.org/doc/1789265/,"Whirlpool Corporation v. Registrar Of Trade Marks, Mumbai And Others",https://indiankanoon.org/doc/172383107/
Anand Kumar Deepak Kumar Another v. Haldiram Bhujia Wala Another,https://indiankanoon.org/doc/1789265/,Prabhu Shankar Aggarwal v. Anand Kumar Deepak Kumar,
Anand Kumar Deepak Kumar Another v. Haldiram Bhujia Wala Another,https://indiankanoon.org/doc/1789265/,Cadila Health Care Ltd. v. Cadila Pharmaceuticals Ltd. .,https://indiankanoon.org/doc/1114158/
Anand Kumar Deepak Kumar Another v. Haldiram Bhujia Wala Another,https://indiankanoon.org/doc/1789265/,N.R Dongre And Others v. Whirlpool Corporation And Another,
Anand Kumar Deepak Kumar Another v. Haldiram Bhujia Wala Another,https://indiankanoon.org/doc/1789265/,Mohan Lal Khatri v. Khatri Bidi Works and Ors.,
Anand Kumar Deepak Kumar Another v. Haldiram Bhujia Wala Another,https://indiankanoon.org/doc/1789265/,Mahendra & Mahendra Paper Mills Ltd. v. Mahindra & Mahindra Ltd. .,https://indiankanoon.org/doc/67204010/
Anand Kumar Deepak Kumar Another v. Haldiram Bhujia Wala Another,https://indiankanoon.org/doc/1789265/,Kanhaiya Lal Bansal v. Sahitya Bhawan Publishers Distributors Private Limited Others,
Anand Kumar Deepak Kumar Another v. Haldiram Bhujia Wala Another,https://indiankanoon.org/doc/1789265/,S.M Dyechem Ltd. v. Cadbury (India) Ltd. .,https://indiankanoon.org/doc/1025815/
Radhika Agro Industries Pvt. Ltd. v. Paawan Agro Foods Ltd,https://indiankanoon.org/doc/374690/,Bimal Govindji Shah Trading As Acme Industries v. Panna Lal Chandu Lal,https://indiankanoon.org/doc/1460395/
Radhika Agro Industries Pvt. Ltd. v. Paawan Agro Foods Ltd,https://indiankanoon.org/doc/374690/,Veerumal Praveen Kumar v. Needle Industries (India) Ltd. And Anr.,https://indiankanoon.org/doc/1945028/
Radhika Agro Industries Pvt. Ltd. v. Paawan Agro Foods Ltd,https://indiankanoon.org/doc/374690/,Rubaljit Singh v. Kanz Overseas,
Radhika Agro Industries Pvt. Ltd. v. Paawan Agro Foods Ltd,https://indiankanoon.org/doc/374690/,S.M Dyechem Ltd. v. Cadbury (India) Ltd. .,https://indiankanoon.org/doc/1025815/
Radhika Agro Industries Pvt. Ltd. v. Paawan Agro Foods Ltd,https://indiankanoon.org/doc/374690/,Rakesh Kumar Aggarwal v. Lock & Locking Devices,https://indiankanoon.org/doc/1981161/
Radhika Agro Industries Pvt. Ltd. v. Paawan Agro Foods Ltd,https://indiankanoon.org/doc/374690/,Mrf Limited v. Nr Faridabad Rubbers & Anr.,
Radhika Agro Industries Pvt. Ltd. v. Paawan Agro Foods Ltd,https://indiankanoon.org/doc/374690/,PEPS INDUSTRIES PRIVATE LIMITED v. KURLON LIMITED,
Radhika Agro Industries Pvt. Ltd. v. Paawan Agro Foods Ltd,https://indiankanoon.org/doc/374690/,Visakha Chemicals v. Mala Ram & Sons,https://indiankanoon.org/doc/1281453/
Radhika Agro Industries Pvt. Ltd. v. Paawan Agro Foods Ltd,https://indiankanoon.org/doc/374690/,Cadila Healthcare Ltd. v. Aureate Healthcare Pvt. Ltd.,https://indiankanoon.org/doc/145549327/
Radhika Agro Industries Pvt. Ltd. v. Paawan Agro Foods Ltd,https://indiankanoon.org/doc/374690/,Filex Systems Pvt. Ltd. v. Rotomac Pens (Guj.) Pvt. Ltd.,https://indiankanoon.org/doc/1900841/
Radhika Agro Industries Pvt. Ltd. v. Paawan Agro Foods Ltd,https://indiankanoon.org/doc/374690/,Marico Limited v. Pratik Goyal,
Radhika Agro Industries Pvt. Ltd. v. Paawan Agro Foods Ltd,https://indiankanoon.org/doc/374690/,Yash Arora v. Tushar Enterprises & Ors,
Radhika Agro Industries Pvt. Ltd. v. Paawan Agro Foods Ltd,https://indiankanoon.org/doc/374690/,Eaton Corporation v. Bch Electric Limited,https://indiankanoon.org/doc/112995556/
Radhika Agro Industries Pvt. Ltd. v. Paawan Agro Foods Ltd,https://indiankanoon.org/doc/374690/,Az Tech (India) v. Intex Technologies (India) Ltd.,
Radhika Agro Industries Pvt. Ltd. v. Paawan Agro Foods Ltd,https://indiankanoon.org/doc/374690/,Atul Rawal T/A M/S. Navin Polycon v. S.B Equipments .,
