Judgement Name,IndianKanoon Link,Similar Judgement,IndianKanoon Link,Rank
Wander Ltd. And Another v. Antox India P. Ltd. .,https://indiankanoon.org/doc/330608/,Astrazeneca Uk Ltd. v. Orchid Chemicals & Pharmaceuticals Ltd.,https://indiankanoon.org/doc/1509899/,1
Wander Ltd. And Another v. Antox India P. Ltd. .,https://indiankanoon.org/doc/330608/,S.M Dyechem Ltd. v. Cadbury (India) Ltd. .,https://indiankanoon.org/doc/1025815/,2
Wander Ltd. And Another v. Antox India P. Ltd. .,https://indiankanoon.org/doc/330608/,Veerumal Praveen Kumar v. Needle Industries (India) Ltd. And Anr.,https://indiankanoon.org/doc/1945028/,3
Wander Ltd. And Another v. Antox India P. Ltd. .,https://indiankanoon.org/doc/330608/,N.R Dongre And Others v. Whirlpool Corporation And Another,https://indiankanoon.org/doc/850381/,4
Wander Ltd. And Another v. Antox India P. Ltd. .,https://indiankanoon.org/doc/330608/,Pfizer Products Inc. v. Rajesh Chopra,https://indiankanoon.org/doc/1674695/,5
Wander Ltd. And Another v. Antox India P. Ltd. .,https://indiankanoon.org/doc/330608/,Mahendra & Mahendra Paper Mills Ltd. v. Mahindra & Mahindra Ltd. .,https://indiankanoon.org/doc/67204010/,6
Wander Ltd. And Another v. Antox India P. Ltd. .,https://indiankanoon.org/doc/330608/,Lupin Limited v. Johnson & Johnson,https://indiankanoon.org/doc/19267666/,7
Wander Ltd. And Another v. Antox India P. Ltd. .,https://indiankanoon.org/doc/330608/,Rangoon Chemical Works Pvt. Ltd. v. Royal Medicals,,8
Wander Ltd. And Another v. Antox India P. Ltd. .,https://indiankanoon.org/doc/330608/,M/S Alkem Laboratories Ltd. Petitioners v. Mega International (P) Ltd. S,,9
Wander Ltd. And Another v. Antox India P. Ltd. .,https://indiankanoon.org/doc/330608/,Wockhardt Limited v. Torrent Pharmaceuticals Limited And Another,,10
Wander Ltd. And Another v. Antox India P. Ltd. .,https://indiankanoon.org/doc/330608/,Cadila Health Care Ltd. v. Cadila Pharmaceuticals Ltd. .,https://indiankanoon.org/doc/1114158/,11
Wander Ltd. And Another v. Antox India P. Ltd. .,https://indiankanoon.org/doc/330608/,Satilila Charitable Society And Anr. v. Skyline Education Institute (I) (P) Ltd.,,12
Wander Ltd. And Another v. Antox India P. Ltd. .,https://indiankanoon.org/doc/330608/,Rajendra Sadanand Rasal v. Naranppa Thenukyya Kotian And Others S,,13
Wander Ltd. And Another v. Antox India P. Ltd. .,https://indiankanoon.org/doc/330608/,Purshottam Vishandas Raheja And Another v. Shrichand Vishandas Raheja (Dead) Through Lrs. And Others,https://indiankanoon.org/doc/81162651/,14
Wander Ltd. And Another v. Antox India P. Ltd. .,https://indiankanoon.org/doc/330608/,Fedders North American v. Show Line,https://indiankanoon.org/doc/1269197/,15
S.M Dyechem Ltd. v. Cadbury (India) Ltd. .,https://indiankanoon.org/doc/1025815/,Cadila Health Care Ltd. v. Cadila Pharmaceuticals Ltd. .,https://indiankanoon.org/doc/1114158/,1
S.M Dyechem Ltd. v. Cadbury (India) Ltd. .,https://indiankanoon.org/doc/1025815/,Cadila Healthcare Limited v. Cadila Pharmaceuticals Limited,https://indiankanoon.org/doc/1114158/,2
S.M Dyechem Ltd. v. Cadbury (India) Ltd. .,https://indiankanoon.org/doc/1025815/,Ramesh Khatanmal Lulla v. Mohammad Yusuf Abdul Gaffar,https://indiankanoon.org/doc/70200400/,3
S.M Dyechem Ltd. v. Cadbury (India) Ltd. .,https://indiankanoon.org/doc/1025815/,Lupin Ltd. v. Johnson And Johnson,,4
S.M Dyechem Ltd. v. Cadbury (India) Ltd. .,https://indiankanoon.org/doc/1025815/,Cadbury India Ltd. v. Neeraj Food Products,https://indiankanoon.org/doc/652828/,5
S.M Dyechem Ltd. v. Cadbury (India) Ltd. .,https://indiankanoon.org/doc/1025815/,Cadbury India Limited v. S.M Dyechem Limited .,https://indiankanoon.org/doc/1025815/,6
S.M Dyechem Ltd. v. Cadbury (India) Ltd. .,https://indiankanoon.org/doc/1025815/,"Pernod Ricard S.A France, Another v. Rhizome Distilleries Pvt. Ltd. Others",,7
S.M Dyechem Ltd. v. Cadbury (India) Ltd. .,https://indiankanoon.org/doc/1025815/,Mahendra & Mahendra Paper Mills Ltd. v. Mahindra & Mahindra Ltd. .,https://indiankanoon.org/doc/67204010/,8
S.M Dyechem Ltd. v. Cadbury (India) Ltd. .,https://indiankanoon.org/doc/1025815/,Peshawar Soap & Chemicals Ltd. v. Godrej Soap Ltd.,https://indiankanoon.org/doc/645115/,9
S.M Dyechem Ltd. v. Cadbury (India) Ltd. .,https://indiankanoon.org/doc/1025815/,Ramdev Food Products (P) Ltd. v. Arvindbhai Rambhai Patel And Others,https://indiankanoon.org/doc/858066/,10
S.M Dyechem Ltd. v. Cadbury (India) Ltd. .,https://indiankanoon.org/doc/1025815/,United Biotech Pvt. Ltd. v. Orchid Chemicals & Pharmaceuticals Ltd. & Ors.,https://indiankanoon.org/doc/94612663/,11
S.M Dyechem Ltd. v. Cadbury (India) Ltd. .,https://indiankanoon.org/doc/1025815/,Rupa & Co. Ltd. And Another v. Dawn Mills Co. Ltd. And Another,https://indiankanoon.org/doc/508915/,12
S.M Dyechem Ltd. v. Cadbury (India) Ltd. .,https://indiankanoon.org/doc/1025815/,Torrent Pharmaceuticals Ltd. v. The Wellcome Foundation Ltd. .,https://indiankanoon.org/doc/1965135/,13
S.M Dyechem Ltd. v. Cadbury (India) Ltd. .,https://indiankanoon.org/doc/1025815/,Euro-Solo Energy Systems Limited v. Eveready Industries India Limited,https://indiankanoon.org/doc/192230665/,14
S.M Dyechem Ltd. v. Cadbury (India) Ltd. .,https://indiankanoon.org/doc/1025815/,Nirma Chemical Works Pvt Ltd & 1 (S) v. Nirman High School & 2 (S),,15
"Vishwa Mitter Of Vijay Bharat Cigarette Stores, Dalhousie Road, Pathankot v. O.P Poddar And Others",https://indiankanoon.org/doc/106681665/,A. R. Antulay v. Ramdas Sriniwas Nayak And Another,https://indiankanoon.org/doc/1502681/,1
"Vishwa Mitter Of Vijay Bharat Cigarette Stores, Dalhousie Road, Pathankot v. O.P Poddar And Others",https://indiankanoon.org/doc/106681665/,Pratap Lal Teli v. State Of Maharashtra,,2
"Vishwa Mitter Of Vijay Bharat Cigarette Stores, Dalhousie Road, Pathankot v. O.P Poddar And Others",https://indiankanoon.org/doc/106681665/,Iqbal Singh Marwah And Another v. Meenakshi Marwah And Another,https://indiankanoon.org/doc/618763/,3
"Vishwa Mitter Of Vijay Bharat Cigarette Stores, Dalhousie Road, Pathankot v. O.P Poddar And Others",https://indiankanoon.org/doc/106681665/,Manharibhai Muljibhai Kakadia And Another v. Shaileshbhai Mohanbhai Patel And Others,https://indiankanoon.org/doc/3304039/,4
"Vishwa Mitter Of Vijay Bharat Cigarette Stores, Dalhousie Road, Pathankot v. O.P Poddar And Others",https://indiankanoon.org/doc/106681665/,"Whirlpool Corporation v. Registrar Of Trade Marks, Mumbai And Others",https://indiankanoon.org/doc/172383107/,5
"Vishwa Mitter Of Vijay Bharat Cigarette Stores, Dalhousie Road, Pathankot v. O.P Poddar And Others",https://indiankanoon.org/doc/106681665/,"S.K Sinha, Chief Enforcement Officer v. Videocon International Ltd. And Others",https://indiankanoon.org/doc/304538/,6
"Vishwa Mitter Of Vijay Bharat Cigarette Stores, Dalhousie Road, Pathankot v. O.P Poddar And Others",https://indiankanoon.org/doc/106681665/,Ramana Dayaram Shetty v. International Airport Authority Of India And Others,https://indiankanoon.org/doc/1281050/,7
"Vishwa Mitter Of Vijay Bharat Cigarette Stores, Dalhousie Road, Pathankot v. O.P Poddar And Others",https://indiankanoon.org/doc/106681665/,Shri M.L Sethi v. Shri R.P Kapur And Another,https://indiankanoon.org/doc/340501/,8
"Vishwa Mitter Of Vijay Bharat Cigarette Stores, Dalhousie Road, Pathankot v. O.P Poddar And Others",https://indiankanoon.org/doc/106681665/,Pepsi Foods Ltd. And Another v. Special Judicial Magistrate And Others,https://indiankanoon.org/doc/574884/,9
"Vishwa Mitter Of Vijay Bharat Cigarette Stores, Dalhousie Road, Pathankot v. O.P Poddar And Others",https://indiankanoon.org/doc/106681665/,Indra Kumar Patodia And Another v. Reliance Industries Limited And Others,https://indiankanoon.org/doc/98291024/,10
"Vishwa Mitter Of Vijay Bharat Cigarette Stores, Dalhousie Road, Pathankot v. O.P Poddar And Others",https://indiankanoon.org/doc/106681665/,S.M Dyechem Ltd. v. Cadbury (India) Ltd. .,https://indiankanoon.org/doc/1025815/,11
"Vishwa Mitter Of Vijay Bharat Cigarette Stores, Dalhousie Road, Pathankot v. O.P Poddar And Others",https://indiankanoon.org/doc/106681665/,Kamlapati Trivedi v. State Of West Bengal .,https://indiankanoon.org/doc/117903/,12
"Vishwa Mitter Of Vijay Bharat Cigarette Stores, Dalhousie Road, Pathankot v. O.P Poddar And Others",https://indiankanoon.org/doc/106681665/,M/S. Ruby Leather Exports v. K. Venu Rep. Vandana Chemicals Etc.,,13
"Vishwa Mitter Of Vijay Bharat Cigarette Stores, Dalhousie Road, Pathankot v. O.P Poddar And Others",https://indiankanoon.org/doc/106681665/,P.C Gulati (In All The Appeals) v. Lajya Ram And Others (In All The Appeals),,14
"Vishwa Mitter Of Vijay Bharat Cigarette Stores, Dalhousie Road, Pathankot v. O.P Poddar And Others",https://indiankanoon.org/doc/106681665/,Madhu Limaye v. State Of Maharashtra .,https://indiankanoon.org/doc/646292/,15
Marc Enterprises (P) Ltd. v. Five Star Electricals (India),https://indiankanoon.org/doc/700020/,Orient Papers Industries Ltd. v. Jayanta Lamp Industries Pvt. Ltd.,,1
Marc Enterprises (P) Ltd. v. Five Star Electricals (India),https://indiankanoon.org/doc/700020/,Ashish Tea Company Another. v. Miraj Products Pvt. Ltd. Another.,,2
Marc Enterprises (P) Ltd. v. Five Star Electricals (India),https://indiankanoon.org/doc/700020/,Vrajlal Manilal & Co. v. Bansal Tobacco Co.,https://indiankanoon.org/doc/1864885/,3
Marc Enterprises (P) Ltd. v. Five Star Electricals (India),https://indiankanoon.org/doc/700020/,"Omega S.A, Bienne, Switzerland v. Avanti Kopp Electricals Ltd. And Anr.",,4
Marc Enterprises (P) Ltd. v. Five Star Electricals (India),https://indiankanoon.org/doc/700020/,Lt Foods Limited v. Sulson Overseas Pvt. Ltd.,https://indiankanoon.org/doc/78472331/,5
Marc Enterprises (P) Ltd. v. Five Star Electricals (India),https://indiankanoon.org/doc/700020/,P.M. Diesels Private Limited v. Thukral Mechanical Works,https://indiankanoon.org/doc/1202388/,6
Marc Enterprises (P) Ltd. v. Five Star Electricals (India),https://indiankanoon.org/doc/700020/,A.D. Padmasingh v. Aachi Aappakadai Chettinad,https://indiankanoon.org/doc/52700318/,7
Marc Enterprises (P) Ltd. v. Five Star Electricals (India),https://indiankanoon.org/doc/700020/,Ashwini Chemical Works v. Aswini Homeo Pharmacy,,8
Marc Enterprises (P) Ltd. v. Five Star Electricals (India),https://indiankanoon.org/doc/700020/,Crompton Greaves Limited v. Salzer Electronics Limited,,9
Marc Enterprises (P) Ltd. v. Five Star Electricals (India),https://indiankanoon.org/doc/700020/,Three-N-Products Pvt. Ltd. v. Yashwant,https://indiankanoon.org/doc/1238420/,10
Marc Enterprises (P) Ltd. v. Five Star Electricals (India),https://indiankanoon.org/doc/700020/,Mex Switchgears Pvt. Ltd. v. Max Switchgears Pvt. Ltd.,https://indiankanoon.org/doc/60866758/,11
Marc Enterprises (P) Ltd. v. Five Star Electricals (India),https://indiankanoon.org/doc/700020/,Assam Roofing Ltd. & Anr. v. Jsb Cement Llp & Anr.,,12
Marc Enterprises (P) Ltd. v. Five Star Electricals (India),https://indiankanoon.org/doc/700020/,Borosil Glass Works v. O.P Batra & Anr.,https://indiankanoon.org/doc/614155/,13
Marc Enterprises (P) Ltd. v. Five Star Electricals (India),https://indiankanoon.org/doc/700020/,Yash Arora v. Tushar Enterprises & Ors,,14
Marc Enterprises (P) Ltd. v. Five Star Electricals (India),https://indiankanoon.org/doc/700020/,G.M. Modular Pvt. Ltd. v. Tm Marketing (India) Others,,15
Triumphant Institute Of Management Education Pvt. Ltd. v. Mahesh Yadav,https://indiankanoon.org/doc/139585580/,Triumphant Institute Of Management Education v. Time Coaching/Education,,1
Triumphant Institute Of Management Education Pvt. Ltd. v. Mahesh Yadav,https://indiankanoon.org/doc/139585580/,Infosys Technologies Ltd. v. Park Infosys,https://indiankanoon.org/doc/73989/,2
Triumphant Institute Of Management Education Pvt. Ltd. v. Mahesh Yadav,https://indiankanoon.org/doc/139585580/,Keshav Kumar Aggarwal v. Niit Ltd.,https://indiankanoon.org/doc/6896400/,3
Triumphant Institute Of Management Education Pvt. Ltd. v. Mahesh Yadav,https://indiankanoon.org/doc/139585580/,Hawkins Cookers Ltd. v. Murugan Enterprises,https://indiankanoon.org/doc/136111/,4
Triumphant Institute Of Management Education Pvt. Ltd. v. Mahesh Yadav,https://indiankanoon.org/doc/139585580/,Loreal M/S. v. Mr. Dushyant Shah,,5
Triumphant Institute Of Management Education Pvt. Ltd. v. Mahesh Yadav,https://indiankanoon.org/doc/139585580/,General Electric Company v. J. Singh,,6
Triumphant Institute Of Management Education Pvt. Ltd. v. Mahesh Yadav,https://indiankanoon.org/doc/139585580/,Brahmos Aerospace Pvt. Ltd. v. Fiit Jee Limited,https://indiankanoon.org/doc/181424088/,7
Triumphant Institute Of Management Education Pvt. Ltd. v. Mahesh Yadav,https://indiankanoon.org/doc/139585580/,Procter & Gamble Company v. Joy Creators,,8
Triumphant Institute Of Management Education Pvt. Ltd. v. Mahesh Yadav,https://indiankanoon.org/doc/139585580/,L'Oreal v. Dushyant Shah,https://indiankanoon.org/doc/179972913/,9
Triumphant Institute Of Management Education Pvt. Ltd. v. Mahesh Yadav,https://indiankanoon.org/doc/139585580/,Malhotra Book Depot v. Mata Basanti Devi School Of Biosciences & Biotechnology,,10
Triumphant Institute Of Management Education Pvt. Ltd. v. Mahesh Yadav,https://indiankanoon.org/doc/139585580/,A.S.Hameed v. P.Maheswaran,,11
Triumphant Institute Of Management Education Pvt. Ltd. v. Mahesh Yadav,https://indiankanoon.org/doc/139585580/,Sap Aktiengesellschaft v. Rohit Sharma,,12
Triumphant Institute Of Management Education Pvt. Ltd. v. Mahesh Yadav,https://indiankanoon.org/doc/139585580/,Ranbaxy Laboratories Limited v. Intas Pharmaceuticals Ltd.,https://indiankanoon.org/doc/1300598/,13
Triumphant Institute Of Management Education Pvt. Ltd. v. Mahesh Yadav,https://indiankanoon.org/doc/139585580/,Living Media India Ltd. v. Adarsh Gupta,,14
Triumphant Institute Of Management Education Pvt. Ltd. v. Mahesh Yadav,https://indiankanoon.org/doc/139585580/,M/S INTER IKEA SYSTEMS BV ANR v. IMTIAZ AHAMED & ANR,https://indiankanoon.org/doc/170719338/,15
Commissioner Of Sales Tax v. M/S Duke And Sons Pvt. Ltd.,https://indiankanoon.org/doc/14349/,"S.P.S Jayam And Co. v. Registrar, Tamil Nadu Taxation Special Tribunal And Others",https://indiankanoon.org/doc/691314/,1
Commissioner Of Sales Tax v. M/S Duke And Sons Pvt. Ltd.,https://indiankanoon.org/doc/14349/,Tata Sons Limited And Another Petitioners v. The State Of Maharashtra And Another S,,2
Commissioner Of Sales Tax v. M/S Duke And Sons Pvt. Ltd.,https://indiankanoon.org/doc/14349/,Kreem Foods Private Limited v. State Of Kerala,,3
Commissioner Of Sales Tax v. M/S Duke And Sons Pvt. Ltd.,https://indiankanoon.org/doc/14349/,"Mc Donalds India Pvt. Ltd. v. Commissioner Of Trade And Taxes, New Delhi",,4
Commissioner Of Sales Tax v. M/S Duke And Sons Pvt. Ltd.,https://indiankanoon.org/doc/14349/,SAGAR RATNA RESTAURANTS PVT. LTD. v. VTO (WARD 205) AND ORS.,,5
Commissioner Of Sales Tax v. M/S Duke And Sons Pvt. Ltd.,https://indiankanoon.org/doc/14349/,BIKANERWALA FOODS PVT. LTD. v. UOI AND ORS.,,6
Commissioner Of Sales Tax v. M/S Duke And Sons Pvt. Ltd.,https://indiankanoon.org/doc/14349/,GLAXO SMITH KLINE ASIA P. LTD. v. ASSESS. AUTH. SPECIAL ZONE TRADE,,7
Commissioner Of Sales Tax v. M/S Duke And Sons Pvt. Ltd.,https://indiankanoon.org/doc/14349/,Nutrine Confectionery Co. Pvt. Ltd. v. State Of Andhra Pradesh,,8
Commissioner Of Sales Tax v. M/S Duke And Sons Pvt. Ltd.,https://indiankanoon.org/doc/14349/,Agromore (P) Ltd. v. Chembond Chemicals Ltd.,https://indiankanoon.org/doc/1062207/,9
Commissioner Of Sales Tax v. M/S Duke And Sons Pvt. Ltd.,https://indiankanoon.org/doc/14349/,20Th Century Finance Corpn. Ltd. And Another v. State Of Maharashtra .,,10
Commissioner Of Sales Tax v. M/S Duke And Sons Pvt. Ltd.,https://indiankanoon.org/doc/14349/,Lal Products v. Intelligence Officer,,11
Commissioner Of Sales Tax v. M/S Duke And Sons Pvt. Ltd.,https://indiankanoon.org/doc/14349/,S.M Dyechem Ltd. v. Cadbury (India) Ltd. .,https://indiankanoon.org/doc/1025815/,12
Commissioner Of Sales Tax v. M/S Duke And Sons Pvt. Ltd.,https://indiankanoon.org/doc/14349/,Sunrise Associates v. Govt. Of Nct Of Delhi And Others,https://indiankanoon.org/doc/1118022/,13
Commissioner Of Sales Tax v. M/S Duke And Sons Pvt. Ltd.,https://indiankanoon.org/doc/14349/,Bharat Sanchar Nigam Ltd. And Another v. Union Of India And Others,https://indiankanoon.org/doc/6544121/,14
Commissioner Of Sales Tax v. M/S Duke And Sons Pvt. Ltd.,https://indiankanoon.org/doc/14349/,Bprl Fine Chemicals Pvt. Ltd. v. State Of Karnataka And Another (And Other Cases),,15
Haldiram Bhujiawala And Another v. Anand Kumar Deepak Kumar And Another,https://indiankanoon.org/doc/614536/,Purushottam And Another v. Shivraj Fine Arts Litho Works And Others,https://indiankanoon.org/doc/1239673/,1
Haldiram Bhujiawala And Another v. Anand Kumar Deepak Kumar And Another,https://indiankanoon.org/doc/614536/,M/S. Navjivan Kagdi Co. Another v. Dhiren S. Doshi Others,,2
Haldiram Bhujiawala And Another v. Anand Kumar Deepak Kumar And Another,https://indiankanoon.org/doc/614536/,Blueberry Books v. Bharti Goyal,,3
Haldiram Bhujiawala And Another v. Anand Kumar Deepak Kumar And Another,https://indiankanoon.org/doc/614536/,"Balaji Constructions Co., Mumbai & Ors. v. Mrs. Lira Siraj Shaikh & Ors.",https://indiankanoon.org/doc/13352/,4
Haldiram Bhujiawala And Another v. Anand Kumar Deepak Kumar And Another,https://indiankanoon.org/doc/614536/,Bade Miya v. Mubin Ahmed Zahurislam,,5
Haldiram Bhujiawala And Another v. Anand Kumar Deepak Kumar And Another,https://indiankanoon.org/doc/614536/,Anand Kumar Deepak Kumar Another v. Haldiram Bhujia Wala Another,https://indiankanoon.org/doc/1789265/,6
Haldiram Bhujiawala And Another v. Anand Kumar Deepak Kumar And Another,https://indiankanoon.org/doc/614536/,Anand Kumar Deepak Kumar v. Haldiram Bhutia Wala,,7
Haldiram Bhujiawala And Another v. Anand Kumar Deepak Kumar And Another,https://indiankanoon.org/doc/614536/,North Delhi Power Limited v. Jagdamba Gasket (India),,8
Haldiram Bhujiawala And Another v. Anand Kumar Deepak Kumar And Another,https://indiankanoon.org/doc/614536/,"Mahendra Uttamrao Kadam And Others v. M/S Kacchi Properties, Satara .",,9
Haldiram Bhujiawala And Another v. Anand Kumar Deepak Kumar And Another,https://indiankanoon.org/doc/614536/,Ms.S.B.Steel Industries v. Ms.India Re Rolling Mills,,10
Haldiram Bhujiawala And Another v. Anand Kumar Deepak Kumar And Another,https://indiankanoon.org/doc/614536/,Shree Balaji Steels v. Gontermann-Peipers (India) Ltd.,,11
Haldiram Bhujiawala And Another v. Anand Kumar Deepak Kumar And Another,https://indiankanoon.org/doc/614536/,Gopalji Gupta v. Additional District Judge,,12
Haldiram Bhujiawala And Another v. Anand Kumar Deepak Kumar And Another,https://indiankanoon.org/doc/614536/,Kamal Pushp Enterprises v. D.R Construction Co. .,https://indiankanoon.org/doc/421030/,13
Haldiram Bhujiawala And Another v. Anand Kumar Deepak Kumar And Another,https://indiankanoon.org/doc/614536/,Subhas Chand v. Mahesh Chandra Agrawal & Others,,14
Haldiram Bhujiawala And Another v. Anand Kumar Deepak Kumar And Another,https://indiankanoon.org/doc/614536/,Sharad Vasant Kotak And Others v. Ramniklal Mohanlal Chawda And Another,https://indiankanoon.org/doc/1771880/,15
Kirorimal Kashiram Marketing And Agencies Pvt. Ltd. v. Shree Sita Chawal Udyog,https://indiankanoon.org/doc/147470112/,Thiruvalluvar Modern Rice Mill v. R.B. Chidambarasamy,,1
Kirorimal Kashiram Marketing And Agencies Pvt. Ltd. v. Shree Sita Chawal Udyog,https://indiankanoon.org/doc/147470112/,Colgate Palmolive Company v. Anchor Health And Beauty Care Pvt. Ltd.,https://indiankanoon.org/doc/1306228/,2
Kirorimal Kashiram Marketing And Agencies Pvt. Ltd. v. Shree Sita Chawal Udyog,https://indiankanoon.org/doc/147470112/,M/S Kirorimal Kashiram Marketing & Agencies Pvt. Ltd. v. M/S. Shree Sita Chawal Udyog Mill,https://indiankanoon.org/doc/152715128/,3
Kirorimal Kashiram Marketing And Agencies Pvt. Ltd. v. Shree Sita Chawal Udyog,https://indiankanoon.org/doc/147470112/,S.M Dyechem Ltd. v. Cadbury (India) Ltd. .,https://indiankanoon.org/doc/1025815/,4
Kirorimal Kashiram Marketing And Agencies Pvt. Ltd. v. Shree Sita Chawal Udyog,https://indiankanoon.org/doc/147470112/,General Mills Marketing Inc v. South India Beverages (P) Ltd.,https://indiankanoon.org/doc/42490190/,5
Kirorimal Kashiram Marketing And Agencies Pvt. Ltd. v. Shree Sita Chawal Udyog,https://indiankanoon.org/doc/147470112/,N. Ranga Rao v. Anil Garg,https://indiankanoon.org/doc/767356/,6
Kirorimal Kashiram Marketing And Agencies Pvt. Ltd. v. Shree Sita Chawal Udyog,https://indiankanoon.org/doc/147470112/,M/S. South India Beverages Pvt. Ltd. v. General Mills Marketing Inc. & Anr. S,,7
Kirorimal Kashiram Marketing And Agencies Pvt. Ltd. v. Shree Sita Chawal Udyog,https://indiankanoon.org/doc/147470112/,Filex Systems Pvt. Ltd. v. Rotomac Pens (Guj.) Pvt. Ltd.,https://indiankanoon.org/doc/1900841/,8
Kirorimal Kashiram Marketing And Agencies Pvt. Ltd. v. Shree Sita Chawal Udyog,https://indiankanoon.org/doc/147470112/,Marico Limited v. Mukesh Kumar,https://indiankanoon.org/doc/19504407/,9
Kirorimal Kashiram Marketing And Agencies Pvt. Ltd. v. Shree Sita Chawal Udyog,https://indiankanoon.org/doc/147470112/,Fmi Limited v. Ashok Jain,,10
Kirorimal Kashiram Marketing And Agencies Pvt. Ltd. v. Shree Sita Chawal Udyog,https://indiankanoon.org/doc/147470112/,Lt Foods Limited v. Sulson Overseas Pvt. Ltd.,https://indiankanoon.org/doc/78472331/,11
Kirorimal Kashiram Marketing And Agencies Pvt. Ltd. v. Shree Sita Chawal Udyog,https://indiankanoon.org/doc/147470112/,Petitioner v. Respondent,https://indiankanoon.org/doc/1640143/,12
Kirorimal Kashiram Marketing And Agencies Pvt. Ltd. v. Shree Sita Chawal Udyog,https://indiankanoon.org/doc/147470112/,New Look Textiles v. K.N. Nagarajan,,13
Kirorimal Kashiram Marketing And Agencies Pvt. Ltd. v. Shree Sita Chawal Udyog,https://indiankanoon.org/doc/147470112/,Cadbury India Ltd. v. Neeraj Food Products,https://indiankanoon.org/doc/652828/,14
Kirorimal Kashiram Marketing And Agencies Pvt. Ltd. v. Shree Sita Chawal Udyog,https://indiankanoon.org/doc/147470112/,PHONEPE PRIVATE LIMITED v. EZY SERVICES ANR.,,15
Merisant Company 2 Sarl v. Equal Minerals,https://indiankanoon.org/doc/1557873/,Veerumal Praveen Kumar v. Needle Industries (India) Ltd. And Anr.,https://indiankanoon.org/doc/1945028/,1
Merisant Company 2 Sarl v. Equal Minerals,https://indiankanoon.org/doc/1557873/,Premier Tissues India Ltd. v. Rolia Tissues Industries,https://indiankanoon.org/doc/8433581/,2
Merisant Company 2 Sarl v. Equal Minerals,https://indiankanoon.org/doc/1557873/,Superflo Pvt. Ltd. v. Sandhyamani Associates(P) Ltd.,,3
Merisant Company 2 Sarl v. Equal Minerals,https://indiankanoon.org/doc/1557873/,Jain Riceland Pvt. Ltd. v. Sagar Overseas,,4
Merisant Company 2 Sarl v. Equal Minerals,https://indiankanoon.org/doc/1557873/,East African (I) Remedies Pvt. Ltd. v. Wallace Pharmaceuticals Ltd.,,5
Merisant Company 2 Sarl v. Equal Minerals,https://indiankanoon.org/doc/1557873/,Superon Schweisstechnik India Limited v. Modi Hitech India Ltd.,,6
Merisant Company 2 Sarl v. Equal Minerals,https://indiankanoon.org/doc/1557873/,Rajnish Aggarwal v. Anantam,https://indiankanoon.org/doc/1657978/,7
Merisant Company 2 Sarl v. Equal Minerals,https://indiankanoon.org/doc/1557873/,Filex Systems Pvt. Ltd. v. Rotomac Pens (Guj.) Pvt. Ltd.,https://indiankanoon.org/doc/1900841/,8
Merisant Company 2 Sarl v. Equal Minerals,https://indiankanoon.org/doc/1557873/,Toyota Jidosha Kabushiki Kaisha v. Deepak Mangal,https://indiankanoon.org/doc/788484/,9
Merisant Company 2 Sarl v. Equal Minerals,https://indiankanoon.org/doc/1557873/,Clinique Laboratories Llc v. Gufic Limited,https://indiankanoon.org/doc/18135822/,10
Merisant Company 2 Sarl v. Equal Minerals,https://indiankanoon.org/doc/1557873/,Radico Khaitan Limited v. Carlsberg India Private Limited,https://indiankanoon.org/doc/49386818/,11
Merisant Company 2 Sarl v. Equal Minerals,https://indiankanoon.org/doc/1557873/,Ashwini Chemical Works v. Aswini Homeo Pharmacy,,12
Merisant Company 2 Sarl v. Equal Minerals,https://indiankanoon.org/doc/1557873/,"Yahoo, Inc. v. Akash Arora",https://indiankanoon.org/doc/1741869/,13
Merisant Company 2 Sarl v. Equal Minerals,https://indiankanoon.org/doc/1557873/,Sanat Products Ltd. v. Glade Drugs & Nutraceuticals Pvt. Ltd.,https://indiankanoon.org/doc/321682/,14
Merisant Company 2 Sarl v. Equal Minerals,https://indiankanoon.org/doc/1557873/,Lupin Limited v. Johnson & Johnson,,15
Izuk Chemical Works v. Babu Ram Dharam Prakash,https://indiankanoon.org/doc/1165153/,Cadbury India Ltd. v. Neeraj Food Products,https://indiankanoon.org/doc/652828/,1
Izuk Chemical Works v. Babu Ram Dharam Prakash,https://indiankanoon.org/doc/1165153/,Mex Switchgears Pvt. Ltd. v. Omex Cables Industries,,2
Izuk Chemical Works v. Babu Ram Dharam Prakash,https://indiankanoon.org/doc/1165153/,Pfizer Products Inc. v. Rajesh Chopra,https://indiankanoon.org/doc/1674695/,3
Izuk Chemical Works v. Babu Ram Dharam Prakash,https://indiankanoon.org/doc/1165153/,Fmi Limited v. Ashok Jain,,4
Izuk Chemical Works v. Babu Ram Dharam Prakash,https://indiankanoon.org/doc/1165153/,Procter & Gamble Company v. Joy Creators,,5
Izuk Chemical Works v. Babu Ram Dharam Prakash,https://indiankanoon.org/doc/1165153/,Lt Foods Limited v. Sulson Overseas Pvt. Ltd.,https://indiankanoon.org/doc/78472331/,6
Izuk Chemical Works v. Babu Ram Dharam Prakash,https://indiankanoon.org/doc/1165153/,Allied Blenders And Distillers Pvt. Ltd. v. Sentino Bio Products Pvt. Ltd.,,7
Izuk Chemical Works v. Babu Ram Dharam Prakash,https://indiankanoon.org/doc/1165153/,S. Oliver Bernd Freier Gmbh v. Rasul Exports,,8
Izuk Chemical Works v. Babu Ram Dharam Prakash,https://indiankanoon.org/doc/1165153/,Five Star Health Care P. Ltd. v. Tara Chand Jadwani,,9
Izuk Chemical Works v. Babu Ram Dharam Prakash,https://indiankanoon.org/doc/1165153/,"Hindustan Lever Limited, Bombay v. Nirma Private Limited, Ahmedabad",,10
Izuk Chemical Works v. Babu Ram Dharam Prakash,https://indiankanoon.org/doc/1165153/,Cadila Health Care Ltd. v. Cadila Pharmaceuticals Ltd. .,https://indiankanoon.org/doc/1114158/,11
Izuk Chemical Works v. Babu Ram Dharam Prakash,https://indiankanoon.org/doc/1165153/,Wippermann Jr Gmbh. v. Wipperdrive Engineering,,12
Izuk Chemical Works v. Babu Ram Dharam Prakash,https://indiankanoon.org/doc/1165153/,S.M Dyechem Ltd. v. Cadbury (India) Ltd. .,https://indiankanoon.org/doc/1025815/,13
Izuk Chemical Works v. Babu Ram Dharam Prakash,https://indiankanoon.org/doc/1165153/,Aravind Laboratories v. V. Annamalai Chettiar,https://indiankanoon.org/doc/1784548/,14
Izuk Chemical Works v. Babu Ram Dharam Prakash,https://indiankanoon.org/doc/1165153/,Subhash Chand Bansal v. Khadim'S,,15
Remidex Pharma Private Limited v. Savita Pharmaceuticals P. Ltd,https://indiankanoon.org/doc/744316/,Wyeth Holdings Corporation & Anr. v. Burnet Pharmaceuticals (Pvt.) Ltd.,https://indiankanoon.org/doc/357841/,1
Remidex Pharma Private Limited v. Savita Pharmaceuticals P. Ltd,https://indiankanoon.org/doc/744316/,Fdc Limited v. Mr. Ajay G. Piramal & Ors,https://indiankanoon.org/doc/1004544/,2
Remidex Pharma Private Limited v. Savita Pharmaceuticals P. Ltd,https://indiankanoon.org/doc/744316/,Rajesh Jain v. Amit Jain,,3
Remidex Pharma Private Limited v. Savita Pharmaceuticals P. Ltd,https://indiankanoon.org/doc/744316/,Sms Formulations Pvt. Ltd. v. Sahib Singh Agencies (Bom.) Ltd.,,4
Remidex Pharma Private Limited v. Savita Pharmaceuticals P. Ltd,https://indiankanoon.org/doc/744316/,Cadila Health Care Ltd. v. Cadila Pharmaceuticals Ltd. .,https://indiankanoon.org/doc/1114158/,5
Remidex Pharma Private Limited v. Savita Pharmaceuticals P. Ltd,https://indiankanoon.org/doc/744316/,Schering Corporation & Ors. v. Alkem Laboratories Ltd. .,,6
Remidex Pharma Private Limited v. Savita Pharmaceuticals P. Ltd,https://indiankanoon.org/doc/744316/,S.M Dyechem Ltd. v. Cadbury (India) Ltd. .,https://indiankanoon.org/doc/1025815/,7
Remidex Pharma Private Limited v. Savita Pharmaceuticals P. Ltd,https://indiankanoon.org/doc/744316/,Central Park Estates Pvt. Ltd. v. Chd Developers Ltd.,,8
Remidex Pharma Private Limited v. Savita Pharmaceuticals P. Ltd,https://indiankanoon.org/doc/744316/,Sun Pharma Laboratories Ltd. v. Intas Pharmaceuticals Limited,https://indiankanoon.org/doc/157791679/,9
Remidex Pharma Private Limited v. Savita Pharmaceuticals P. Ltd,https://indiankanoon.org/doc/744316/,Astrazeneca Uk Ltd. v. Orchid Chemicals & Pharmaceuticals Ltd.,https://indiankanoon.org/doc/1509899/,10
Remidex Pharma Private Limited v. Savita Pharmaceuticals P. Ltd,https://indiankanoon.org/doc/744316/,Stiefel Laboratories v. Ajanta Pharma Ltd.,https://indiankanoon.org/doc/102042281/,11
Remidex Pharma Private Limited v. Savita Pharmaceuticals P. Ltd,https://indiankanoon.org/doc/744316/,G.M. Modular Pvt. Ltd. v. Tm Marketing (India) Others,,12
Remidex Pharma Private Limited v. Savita Pharmaceuticals P. Ltd,https://indiankanoon.org/doc/744316/,S.B.L Limited v. The Himalaya Drug Co.,https://indiankanoon.org/doc/615459/,13
Remidex Pharma Private Limited v. Savita Pharmaceuticals P. Ltd,https://indiankanoon.org/doc/744316/,Glaxo Group Ltd. And Another v. Neon Laboratories Ltd.,https://indiankanoon.org/doc/663392/,14
Remidex Pharma Private Limited v. Savita Pharmaceuticals P. Ltd,https://indiankanoon.org/doc/744316/,Radico Khaitan Limited v. Brima Sagar Maharashtra Distilleries Ltd.,https://indiankanoon.org/doc/27816811/,15
L.T. Overseas Ltd. v. Guruji Trading Co.,https://indiankanoon.org/doc/1857898/,Hero Honda Motors Ltd. v. Assuramji Scooters,https://indiankanoon.org/doc/1375229/,1
L.T. Overseas Ltd. v. Guruji Trading Co.,https://indiankanoon.org/doc/1857898/,Hero Honda Motors Ltd. v. Raj Scooters,https://indiankanoon.org/doc/1375229/,2
L.T. Overseas Ltd. v. Guruji Trading Co.,https://indiankanoon.org/doc/1857898/,Microsoft Corporation v. Rajendra Pawar Another,,3
L.T. Overseas Ltd. v. Guruji Trading Co.,https://indiankanoon.org/doc/1857898/,Hero Honda Motors Limited v. Rafiq Memon,https://indiankanoon.org/doc/8022081/,4
L.T. Overseas Ltd. v. Guruji Trading Co.,https://indiankanoon.org/doc/1857898/,Marc Enterprises Pvt. Ltd. v. Victor Industries,https://indiankanoon.org/doc/1611564/,5
L.T. Overseas Ltd. v. Guruji Trading Co.,https://indiankanoon.org/doc/1857898/,Asian Paints (India) Ltd. v. Balaji Paints And Chemicals,,6
L.T. Overseas Ltd. v. Guruji Trading Co.,https://indiankanoon.org/doc/1857898/,Nirog Pharma Pvt. Ltd. v. Umesh Gupta,https://indiankanoon.org/doc/125686531/,7
L.T. Overseas Ltd. v. Guruji Trading Co.,https://indiankanoon.org/doc/1857898/,M/S INTER IKEA SYSTEMS BV ANR v. IMTIAZ AHAMED & ANR,https://indiankanoon.org/doc/170719338/,8
L.T. Overseas Ltd. v. Guruji Trading Co.,https://indiankanoon.org/doc/1857898/,Krbl Ltd. v. Lal Mahal Ltd.,,9
L.T. Overseas Ltd. v. Guruji Trading Co.,https://indiankanoon.org/doc/1857898/,Thiruvalluvar Modern Rice Mill v. R.B. Chidambarasamy,,10
L.T. Overseas Ltd. v. Guruji Trading Co.,https://indiankanoon.org/doc/1857898/,Cargill India Pvt. Ltd. v. Quality Agro Mills Pvt. Ltd.,,11
L.T. Overseas Ltd. v. Guruji Trading Co.,https://indiankanoon.org/doc/1857898/,Procter & Gamble Company v. Joy Creators,,12
L.T. Overseas Ltd. v. Guruji Trading Co.,https://indiankanoon.org/doc/1857898/,Indian Performing Right Society Ltd. v. Debashis Patnaik,https://indiankanoon.org/doc/1983225/,13
L.T. Overseas Ltd. v. Guruji Trading Co.,https://indiankanoon.org/doc/1857898/,Veerumal Praveen Kumar v. Needle Industries (India) Ltd. And Anr.,https://indiankanoon.org/doc/1945028/,14
L.T. Overseas Ltd. v. Guruji Trading Co.,https://indiankanoon.org/doc/1857898/,Win Medicare Pvt. Ltd. v. Mclaren Biotech (P) Ltd.,,15
Anand Kumar Deepak Kumar Another v. Haldiram Bhujia Wala Another,https://indiankanoon.org/doc/1789265/,Anand Kumar Deepak Kumar v. Haldiram Bhutia Wala,,1
Anand Kumar Deepak Kumar Another v. Haldiram Bhujia Wala Another,https://indiankanoon.org/doc/1789265/,M/S. Haldiram Bhujiawala & Anr. v. M/S. Anand Kumar Deepak Kr. & Anr.,,2
Anand Kumar Deepak Kumar Another v. Haldiram Bhujia Wala Another,https://indiankanoon.org/doc/1789265/,Haldiram Bhujiawala And Another v. Anand Kumar Deepak Kumar And Another,https://indiankanoon.org/doc/614536/,3
Anand Kumar Deepak Kumar Another v. Haldiram Bhujia Wala Another,https://indiankanoon.org/doc/1789265/,Haldiram Bhujiawala & Anr. v. Anand Kumar Deepak Kumar & Ors.,https://indiankanoon.org/doc/141920684/,4
Anand Kumar Deepak Kumar Another v. Haldiram Bhujia Wala Another,https://indiankanoon.org/doc/1789265/,Haldiram (India) Private Limited v. Halidram Bhujiawala & Anr,https://indiankanoon.org/doc/141920684/,5
Anand Kumar Deepak Kumar Another v. Haldiram Bhujia Wala Another,https://indiankanoon.org/doc/1789265/,Haldiram Bhujiawala & Anr. v. Anand Kumar Deepak Kumar & Ors. S,https://indiankanoon.org/doc/141920684/,6
Anand Kumar Deepak Kumar Another v. Haldiram Bhujia Wala Another,https://indiankanoon.org/doc/1789265/,Grandlay Electricals India Limited Others v. Vidya Batra Others,,7
Anand Kumar Deepak Kumar Another v. Haldiram Bhujia Wala Another,https://indiankanoon.org/doc/1789265/,"Whirlpool Corporation v. Registrar Of Trade Marks, Mumbai And Others",https://indiankanoon.org/doc/172383107/,8
Anand Kumar Deepak Kumar Another v. Haldiram Bhujia Wala Another,https://indiankanoon.org/doc/1789265/,Prabhu Shankar Aggarwal v. Anand Kumar Deepak Kumar,,9
Anand Kumar Deepak Kumar Another v. Haldiram Bhujia Wala Another,https://indiankanoon.org/doc/1789265/,Cadila Health Care Ltd. v. Cadila Pharmaceuticals Ltd. .,https://indiankanoon.org/doc/1114158/,10
Anand Kumar Deepak Kumar Another v. Haldiram Bhujia Wala Another,https://indiankanoon.org/doc/1789265/,N.R Dongre And Others v. Whirlpool Corporation And Another,,11
Anand Kumar Deepak Kumar Another v. Haldiram Bhujia Wala Another,https://indiankanoon.org/doc/1789265/,Mohan Lal Khatri v. Khatri Bidi Works and Ors.,,12
Anand Kumar Deepak Kumar Another v. Haldiram Bhujia Wala Another,https://indiankanoon.org/doc/1789265/,Mahendra & Mahendra Paper Mills Ltd. v. Mahindra & Mahindra Ltd. .,https://indiankanoon.org/doc/67204010/,13
Anand Kumar Deepak Kumar Another v. Haldiram Bhujia Wala Another,https://indiankanoon.org/doc/1789265/,Kanhaiya Lal Bansal v. Sahitya Bhawan Publishers Distributors Private Limited Others,,14
Anand Kumar Deepak Kumar Another v. Haldiram Bhujia Wala Another,https://indiankanoon.org/doc/1789265/,S.M Dyechem Ltd. v. Cadbury (India) Ltd. .,https://indiankanoon.org/doc/1025815/,15
Radhika Agro Industries Pvt. Ltd. v. Paawan Agro Foods Ltd,https://indiankanoon.org/doc/374690/,Bimal Govindji Shah Trading As Acme Industries v. Panna Lal Chandu Lal,https://indiankanoon.org/doc/1460395/,1
Radhika Agro Industries Pvt. Ltd. v. Paawan Agro Foods Ltd,https://indiankanoon.org/doc/374690/,Veerumal Praveen Kumar v. Needle Industries (India) Ltd. And Anr.,https://indiankanoon.org/doc/1945028/,2
Radhika Agro Industries Pvt. Ltd. v. Paawan Agro Foods Ltd,https://indiankanoon.org/doc/374690/,Rubaljit Singh v. Kanz Overseas,,3
Radhika Agro Industries Pvt. Ltd. v. Paawan Agro Foods Ltd,https://indiankanoon.org/doc/374690/,S.M Dyechem Ltd. v. Cadbury (India) Ltd. .,https://indiankanoon.org/doc/1025815/,4
Radhika Agro Industries Pvt. Ltd. v. Paawan Agro Foods Ltd,https://indiankanoon.org/doc/374690/,Rakesh Kumar Aggarwal v. Lock & Locking Devices,https://indiankanoon.org/doc/1981161/,5
Radhika Agro Industries Pvt. Ltd. v. Paawan Agro Foods Ltd,https://indiankanoon.org/doc/374690/,Mrf Limited v. Nr Faridabad Rubbers & Anr.,,6
Radhika Agro Industries Pvt. Ltd. v. Paawan Agro Foods Ltd,https://indiankanoon.org/doc/374690/,PEPS INDUSTRIES PRIVATE LIMITED v. KURLON LIMITED,,7
Radhika Agro Industries Pvt. Ltd. v. Paawan Agro Foods Ltd,https://indiankanoon.org/doc/374690/,Visakha Chemicals v. Mala Ram & Sons,https://indiankanoon.org/doc/1281453/,8
Radhika Agro Industries Pvt. Ltd. v. Paawan Agro Foods Ltd,https://indiankanoon.org/doc/374690/,Cadila Healthcare Ltd. v. Aureate Healthcare Pvt. Ltd.,https://indiankanoon.org/doc/145549327/,9
Radhika Agro Industries Pvt. Ltd. v. Paawan Agro Foods Ltd,https://indiankanoon.org/doc/374690/,Filex Systems Pvt. Ltd. v. Rotomac Pens (Guj.) Pvt. Ltd.,https://indiankanoon.org/doc/1900841/,10
Radhika Agro Industries Pvt. Ltd. v. Paawan Agro Foods Ltd,https://indiankanoon.org/doc/374690/,Marico Limited v. Pratik Goyal,,11
Radhika Agro Industries Pvt. Ltd. v. Paawan Agro Foods Ltd,https://indiankanoon.org/doc/374690/,Yash Arora v. Tushar Enterprises & Ors,,12
Radhika Agro Industries Pvt. Ltd. v. Paawan Agro Foods Ltd,https://indiankanoon.org/doc/374690/,Eaton Corporation v. Bch Electric Limited,https://indiankanoon.org/doc/112995556/,13
Radhika Agro Industries Pvt. Ltd. v. Paawan Agro Foods Ltd,https://indiankanoon.org/doc/374690/,Az Tech (India) v. Intex Technologies (India) Ltd.,,14
Radhika Agro Industries Pvt. Ltd. v. Paawan Agro Foods Ltd,https://indiankanoon.org/doc/374690/,Atul Rawal T/A M/S. Navin Polycon v. S.B Equipments .,,15